node_id	node_label	node_year	node_category	selected_qid	selected_label	selected_description	alternatives	confidence
turing_machine	Turing Machine	1936	TECHNOLOGY	Q163310	Turing machine	abstract computation model; mathematical model of computation that defines an abstract machine which manipulates symbols on a strip of tape according to a table of rules	Q118469770:Turing Machine:Greek theatrical performance at the New Theatre of Katerina Vassilakou, Athens, 2022/3 | Q116450980:Turing Machine:2022 board game | Q7854962:Turing machine equivalents:hypothetical computing devices | Q1368514:Turing machine with additional input:computational model in theoretical computer science equivalent to a nondeterministic Turing machine	review
transistor	The Transistor	1947	TECHNOLOGY	Q108567235	The Transistor - a Crystal Triode	article from 'Electronics', published September 1948	Q108474141:The Transistor / Frank H. Rockett. - (09.1948):Article from 'Scientific American', published in September 1948 | Q111364510:The Transistor Radio:Book by Ken Saro-Wiwa | Q21709231:The Transistor, A Semi-Conductor Triode:scientific article | Q56532471:The Transistor - A New Semiconductor Amplifier:article	review
info_theory	Information Theory	1948	TECHNOLOGY	Q131222	information theory	mathematical theory from the field of probability theory and statistics	Q136645106:Information theory:paperback edition | Q27473350:Information Theory, 2005. ISIT 2005. Proceedings. International Symposium on: | Q27473251:Information Theory, 2003. Proceedings. IEEE International Symposium on: | Q6031263:Information theory and measure theory:	review
rsa	RSA Encryption	1977	TECHNOLOGY	Q114922592	RSA ENCRYPTION ALGORITHM AUGUMENTED WITH BIT-STUFFING TECHNIQUE FOR DATA SECURITY	scientific article published in 2017	Q122872130:RSA Encryption and Decryption System:scientific article published in 2020 | Q123358098:RSA ENCRYPTION USING VLSI ARCHITECTURE FOR HIGH SPEED APPLICATIONS:scientific article published in 2017 | Q2061730:RSA:American computer and network security company | Q258:South Africa:country in southern Africa	review
lithography	Lithography	1957	TECHNOLOGY	Q133036	lithography	printing technique	Q103951124:Lithography:encyclopedia article | Q56682219:Lithography of the peach variety Lord Palmerston:chromolithograph of De Pannemaeker, Pieter | Q56682221:Lithography of the grape variety Foster White Seedling:chromolithograph of De Pannemaeker, Pieter | Q56682220:Lithography of the pear variety Monchallard:chromolithograph of De Pannemaeker, Pieter	review
ic	Integrated Circuit	1959	TECHNOLOGY	Q80831	integrated circuit	electronic circuit formed on a small, flat piece of semiconductor material	Q126040323:Integrated circuit:US patent 11456828 | Q126042918:Integrated circuit:US patent 11343764 | Q126041572:Integrated circuit:US patent 11395268 | Q115722011:integrated circuit model:specific design of an integrated circuit of which all instances are produced to broadly similar specifications	review
ibm_360	IBM System/360	1964	TECHNOLOGY	Q609843	IBM System/360	IBM mainframe computer family (1964–1978)	Q5969049:IBM System/360 Model 67:1967 IBM mainframe model with virtual memory and 32-bit addressing | Q9295720:IBM System/360 Model 50:series of IBM computers | Q16927945:IBM System/360 architecture:model independent architecture for the S/360 line of mainframe computers, | Q3386642:IBM System/360 Model 30:IBM computer model from 1960s	auto
dram	DRAM	1968	TECHNOLOGY	Q55403857	Dram	family name	Q26525:Drammen:municipality in Buskerud, Norway | Q21010853:drama fiction:genre of narrative fiction revolving around human inner feelings | Q130232:drama film:film genre | Q25372:drama:formal type of literature intended for performance, where the text is written in the form of character lines and the author's remarks and is usually divided into acts and scenes	auto
optical_fiber	Optical Fiber	1970	TECHNOLOGY	Q162	optical fiber	light-conducting fiber	Q122730264:Optical fiber:US patent 11467340 | Q123007973:Optical fiber:US patent 11181684 | Q123286900:Optical fiber:US patent 11460632 | Q122616160:Optical fiber:US patent 11378738	review
microprocessor	Microprocessor	1971	TECHNOLOGY	Q5297	microprocessor	computer processor contained on an integrated-circuit chip	Q15817667:Microprocessors and Microsystems:journal | Q21108530:microprocessor complex:protein complex that binds to heme and to pri-miRNAs, and is required for the formation of a pre-microRNA (pre-miRNA), the initial step of microRNA (miRNA) biogenesis. The complex is composed of the double-stranded-RNA-specific RNase Drosha (also c | Q53953160:Microprocessors:journal | Q21112176:DGCR8 microprocessor complex subunit:mammalian protein found in Homo sapiens	auto
floppy	Floppy Disk	1971	TECHNOLOGY	Q5293	floppy disk	removable disk storage medium	Q493576:floppy disk drive:computer peripheral or component | Q2289223:floppy disk format:logical and physical layout of data stored on floppy disk | Q105855246:Floppy Disk Manager disk image:file format | Q3724887:Floppy disk hardware emulator:	review
ethernet	Ethernet	1973	TECHNOLOGY	Q79984	Ethernet	family of wired computer networking technologies commonly used in local area networks (LAN), metropolitan area networks (MAN) and wide area networks (WAN)	Q128003:ethernet hub:device for connecting multiple Ethernet devices together and making them act as a single network segment | Q1069084:Gigabit Ethernet:standard for Ethernet networking at a data rate of 1 gigabit per second | Q54366:packet analyzer:computer network equipment or software that analyzes network traffic | Q4503:network switch:computer networking device that uses packet switching to forward data; one main component of the Internet infrastructure and of each computer network	auto
arpanet	ARPANET	1969	TECHNOLOGY	Q177524	ARPANET	early packet switching network (1969–1990)	Q21855051:ARPANet:Italian publisher | Q2863501:Arpanet:electronic musician | Q61774825:ARPANET Reference Model:communications system model used by ARPANET | Q16746502:Arpanet:episode of The Americans (S2 E7)	auto
x86	x86 Architecture	1978	TECHNOLOGY	Q272629	x86-64	64-bit version of x86 architecture	Q297868:x86 assembly language:assembly language used in x86 architecture | Q182933:x86:type of instruction set architecture | Q262238:IA-32:third generation of x86 architecture | Q3177837:x86 instruction listings:Wikimedia list article	review
gps	GPS	1978	TECHNOLOGY	Q1486497	GPS navigation device	device that determines its position by analyzing GPS satellite signals	Q253677:GPS tracking unit:navigation device that uses the Global Positioning System to track the device's movements and determine its geographic position | Q24780175:GPS motif:InterPro Domain | Q18822:Global Positioning System:American satellite-based radio navigation service | Q659739:Green Party of Switzerland:political party in Switzerland	review
optical_disc	Optical Disc	1982	TECHNOLOGY	Q234870	optical disc	flat and usually circular disc which encodes binary data, primarily used for physical data distribution and long-term archival	Q2164499:optical disc authoring software:computer program which is used to writing CD, DVD and similar optical media | Q4492:optical disc drive:disk drive that uses laser light or electromagnetic waves to read or write data | Q877050:optical disc image:archive file of an optical disc | Q1388383:optical disc authoring:the process of compiling content for publishing on optical discs	review
tcp_ip	TCP/IP	1983	TECHNOLOGY	Q1233025	TCP/IP model	conceptual model	Q1747834:TCP/IP stack fingerprinting:passive collection of configuration attributes from a remote device during standard layer 4 network communications | Q115922106:TCP/IP illustrated. Volume 1, The protocols (2012): | Q115930741:TCP/IP Foundations:Book | Q47302746:RFC 1180: TCP/IP tutorial:request for comments publication	review
arm_arch	ARM Architecture	1985	TECHNOLOGY	Q16980	ARM architecture	family of RISC-based computer architectures	Q2819365:ARM Architecture: | Q61631700:Arm Architecture And Systems:article by D. Jaggar et al published July 1997 in IEEE Micro | Q296782:Arm Holdings:British multinational semiconductor and software design company | Q399:Armenia:sovereign state in the South Caucasus region of Eurasia	review
cisco_router	Cisco Router	1986	TECHNOLOGY	Q23016713	Cisco routers		Q173395:Cisco:American multinational technology company | Q110280291:Cisco:family name | Q24088299:Cisco:name: given name, nickname, and surname | Q121627775:Cisco:male given name	review
foundry_model	Foundry Model	1987	TECHNOLOGY	Q1439882	foundry model	business model separating semiconductor fabrication from design		auto
nand	NAND Flash	1987	TECHNOLOGY	Q13405492	NAND flash	most common type of flash memory, based on NAND gates	Q118780424:NAND flash array defect real time detection:US patent 11437117 | Q98815646:NAND flash in negative delay stored testing and measuring system:article published in 2006 | Q113326071:NAND flash memory device with ground plane in buried oxide for reduced short channel effects and improved data retention:scientific article published on 12 January 2019 | Q174077:flash memory:electronic non-volatile computer storage device	auto
cdma	CDMA	1989	TECHNOLOGY	Q1023122	CDMA2000	family of 3G mobile technology standards for sending voice, data, and signaling data between mobile phones and cell sites	Q111728598:CDMA frequency bands:international Telecommunications Union-approved frequency bands for cdmaOne and CDMA2000 | Q47297688:RFC 3141: CDMA2000 Wireless Data Requirements for AAA:request for comments publication | Q233394:code division multiple access:channel access method for radio communication, allowing many transmitters to send information over one channel using spread spectrum technology and a special coding scheme; used in GPS, cdmaOne, CDMA2000, UMTS etc | Q845349:2G:term used to represent the 2nd generation of mobile telecommunications technology	auto
gsm	GSM	1991	TECHNOLOGY	Q47141541	GSMArena.com	website; phone database	Q46904:Global System for Mobile Communications:standard to describe protocols for second generation digital cellular networks used by mobile phones | Q17884:LGBTQ:lesbian, gay, bisexual, transgender and queer or questioning persons as a group | Q5592049:Graduate Studies in Mathematics:graduate-level textbooks in mathematics | Q17486606:Oluwaseyi Abiodun Makinde:Nigerian politician	auto
li_ion	Li-ion Battery	1991	TECHNOLOGY	Q124161444	Li-ion battery having improved safety against combustion	US patent 11374276	Q55892643:Li-ion battery materials: present and future: | Q39434931:Li-ion Battery Separators, Mechanical Integrity and Failure Mechanisms Leading to Soft and Hard Internal Shorts:scientific article | Q59945949:Li-ion battery separator membranes based on barium titanate and poly(vinylidene fluoride-co-trifluoroethylene): Filler size and concentration effects: | Q86854095:Li-ion battery shut-off at high temperature caused by polymer phase separation in responsive electrolytes:scientific article published on 01 March 2015	review
mp3	MP3	1993	TECHNOLOGY	Q42591	MP3	open standard lossy compression format for digital audio	Q1951383:Mp3tag:Tag editor for Microsoft Windows and Apple macOS | Q57234772:MP3: The Meaning of a Format:book published in 2012 | Q2703936:MP3:2008 album by M. Pokora | Q6717203:MP3:2004 album of Marcy Playground	auto
cmos	CMOS Sensor	1993	TECHNOLOGY	Q119850456	CMOS sensors and methods of forming the same	US patent 11177308	Q122874194:CMOS sensor architecture for temporal dithered sampling:US patent 11323643 | Q56960013:CMOS sensors for on-line thermal monitoring of VLSI circuits:article | Q58059218:CMOS sensor array for bi-directional communication with electrically active cells:scholarly article published March 2009 | Q58820932:CMOS sensors in 90nm fabricated on high resistivity wafers: Design concept and irradiation results:	review
blue_led	Blue LED	1994	TECHNOLOGY	Q48817511	Blue Ledge Mine	Mining	Q49708314:Blue Ledge Spring:spring in Cochise County, Arizona, United States of America | Q49467692:Blue Ledge:cliff in Addison County, Vermont, United States | Q49172297:Blue Ledge: | Q22577913:Blue Ledge Pool:watercourse in Canada	review
bluetooth	Bluetooth	1994	TECHNOLOGY	Q39531	Bluetooth	short-distance wireless communication protocol	Q123762407:Bluetooth:vocal track by 9ice; 2009 studio recording | Q66498653:Bluetooth:2055th strip of the webcomic xkcd | Q886092:Bluetooth profile:standardized usage of Bluetooth short-range radio communications | Q65434343:Bluetooth 5:5th version of Bluetooth	review
ssl_tls	SSL/TLS	1995	TECHNOLOGY	Q115061898	SSL/TLS session-aware user authentication revisited	scientific article published in 2008	Q115032078:SSL/TLS Protocol Enablement for Key Recovery:scientific article published in 2000 | Q206494:Transport Layer Security:cryptographic protocols for securing data in transit | Q131763977:TLS certificate:certificate used in HTTPS or TLS, successor to SSL certificate	review
wifi	WiFi	1997	TECHNOLOGY	Q51700690	Wifisfuneral	American rapper	Q29643:Wi-Fi:family of wireless network protocols | Q1193354:IEEE 802.11n:wireless networking standard in the 802.11 family, adopted in 2009 | Q24534575:IEEE 802.11ax:IEEE standard for wireless networking (adopted in 2019) | Q1188495:IEEE 802.11ac:wireless networking standard in the 802.11 family, adopted 2013	review
gpu_geforce	GPU (GeForce)	1999	TECHNOLOGY	Q825762	GeForce	brand of graphics processing units by NVIDIA	Q28133964:GeForce Now:Nvidia's cloud-based game streaming service | Q114062792:GeForce RTX 4080:graphics card | Q116004030:GeForce RTX 4070 Ti:graphics card by Nvidia | Q1028816:GeForce 256:series of GPUs	none
arm_cortex	ARM Cortex	2004	TECHNOLOGY	Q2819366	ARM Cortex-A	family of microprocessor cores with ARM microarchitecture	Q1997451:ARM Cortex-A9:32-bit multicore processor developed by SR1 | Q23045352:ARM Cortex-A53:microarchitecture implementing the ARMv8-A 64-bit instruction set designed by ARM Holdings | Q2819372:ARM Cortex-A7:microprocessor core developed by Arm Holdings, supporting 1-4 cores | Q4653852:ARM Cortex-A8:processor core developed by Arm Holdings	review
lidar	LiDAR	2005	TECHNOLOGY	Q504027	lidar	remote detection instrumentation	Q11756536:Lidar:TV program | Q58114456:Lidar Sapir-Hen:researcher, ORCID id # 0000-0002-6184-4560 | Q124464329:Lidarti:family name | Q130732075:LIDAR.EXE:	review
lte	LTE (4G)	2009	TECHNOLOGY	Q79697	4G	fourth generation of cellular communications standards	Q79703:Long Term Evolution:wireless communication standards | Q104699576:Lteif:family name | Q105972887:Solute carrier family 12 member 2:protein found in Danio rerio | Q1188543:fourth-generation fighter:classification of fighter aircraft | designed - without airframe modification - to perform different roles in combat, typically blending the fighter, strike and ground-attack roles | c.1970-2000	review
alexnet	AlexNet	2012	TECHNOLOGY	Q28325009	AlexNet	type of convolutional neural network	Q113272780:AlexNet, AdaBoost and Artificial Bee Colony Based Hybrid Model for Electricity Theft Detection in Smart Grids:scientific article published on 08 February 2022 | Q126176231:AlexNet architecture based convolutional neural network for toxic comments classification:scientific article published in 2022	auto
hbm	HBM	2013	TECHNOLOGY	Q3125397	HBM		Q19604421:Historic England:executive non-departmental public body of the British Government, tasked with protecting the historical environment of England | Q24778517:Helical bimodular sensor domain:InterPro Domain | Q19974136:Hollandsche Beton Maatschappij:former Dutch construction company | Q21103345:Hemoglobin subunit mu:mammalian protein coded in the genes of Homo sapiens but not yet identified	auto
word2vec	Word2Vec	2013	TECHNOLOGY	Q22673982	Word2vec	group of related models that are used to produce word embeddings	Q113506666:Word2Vec:scientific article published on 16 December 2016 | Q47450549:word2vec Explained: deriving Mikolov et al.'s negative-sampling word-embedding method:scientific article published on 15 February 2014 | Q111690536:Word2vec-based latent semantic analysis (W2V-LSA) for topic modeling: A study on blockchain technology trend analysis:journal article from 'Expert Systems with Applications' published in 2020 | Q38371817:Word2Vec inversion and traditional text classifiers for phenotyping lupus.:scientific article	review
gan	GAN	2014	TECHNOLOGY	Q859063	Gan	commune in Pyrénées-Atlantiques, France	Q27720158:Gan:scientific journal | Q109845535:Gan:family name | Q109846281:Gan:given name | Q33475:Gan Chinese:member of the Sinitic languages of the Sino-Tibetan language family spoken as the native language by the people in the Jiangxi province of China	review
tpu	Google TPU	2015	TECHNOLOGY	Q79576	Google Play	digital software distribution platform from Google	Q25106376:Tensor Processing Unit:Google-developed coprocessor for accelerating neural networks | Q95:Google:American multinational technology company, a subsidiary of Alphabet Inc. | Q9366:Google Search:search engine by Google LLC | Q42274:Google Earth:virtual map program developed by Google	review
transformer	Transformer	2017	TECHNOLOGY	Q11658	transformer	electrical device that transfers energy through electromagnetic induction from one circuit to another circuit	Q85810444:transformer:machine-learning model architecture first developed by Google Brain | Q11321874:transformer:fictional shapeshifting alien robots | Q65078488:Transformer:2017 film by Michael Del Monte | Q1323565:Transformers:Japanese–American media franchise	review
5g_nr	5G (New Radio)	2019	TECHNOLOGY	Q1363408	5G	5th generation of cellular mobile communications	Q56290343:5G Automotive Association:global, cross-industry organisation of companies from the automotive and telecommunications industries working together to develop end-to-end solutions for future mobility. | Q62029351:5G NR:radio access technology | Q89586589:New radiocarbon dates for iron-working sites on Exmoor:newsletter article published in 2000 | Q7011122:New Radio and Performing Arts:American nonprofit organization	review
euv	EUV Lithography	2019	TECHNOLOGY	Q126802250	EUV Lithography Technology for High-volume Production of Semiconductor Devices	scholarly article	Q62593032:EUV lithography imaging using novel pellicle membranes: | Q127570209:EUV Lithography: State-of-the-Art Review:scholarly article | Q781078:Euville:commune in Meuse, France | Q1002652:Euvezin:commune in Meurthe-et-Moselle, France	review
stable_diffusion	Stable Diffusion	2022	TECHNOLOGY	Q113660857	Stable Diffusion	image-generating machine learning model	Q124789431:Stable Diffusion image seeds:parameter of stable diffusion | Q137259835:Stable Diffusion in the Classroom: Deploying interactive GPU-enabled ML workloads with Open OnDemand and Kubernetes:	auto
nvidia_h100	NVIDIA H100	2022	TECHNOLOGY	Q125348558	NVIDIA H100	series of NVIDIA graphics cards with Hopper architecture for data centers, enterprises and research institutions	Q124337768:Nvidia H100 SXM:Hopper architecture datacenter graphics card	auto
unix	Unix	1969	TECHNOLOGY	Q11368	Unix	family of computer operating systems that derive from the original AT&T Unix from 1969	Q117454150:Unix:Russian progamer | Q14656:Unix-like operating system:operating system that behaves in a manner similar to a Unix system | Q105989562:UNIX 03:Version 3 of the Single UNIX Specification | Q1148628:UnixWare:proprietary Unix-like operating system	auto
c_lang	C Language	1972	TECHNOLOGY	Q130960041	C language mechanism for error handling and deferred cleanup	scientific article published on 23 April 2021	Q126816691:C language algorithms for digital signal processing:scholarly article | Q10729459:Portal:Computer programming:Wikimedia portal | Q98800788:C-Language Programme Research of Cymometer:article published in 2002 | Q128712246:C-LANGUAGE INSTRUCTIONAL TOOL: A MOBILE – ASSISTED SYSTEM FOR TRIMEX STUDENTS:scholarly article	review
sql	SQL	1974	TECHNOLOGY	Q47607	SQL	relational database language that allows to extract from data tables a series of records with selection, sorting and computation criteria, or to update, delete or add records	Q1092514:SQLAlchemy:free software SQL toolkit and object-relational mapper | Q319417:SQLite:serverless relational database management system (RDBMS) | Q47526254:sqlitebrowser:grafical userinterface for SQLite-Databases | Q215819:Microsoft SQL Server:family of database software by Microsoft	review
oracle_db	Oracle Database	1979	TECHNOLOGY	Q185524	Oracle Database	proprietary database management system	Q29167830:Oracle database error messages:type of error message produced by Oracle database software | Q26437874:Oracle Database/Print version:Print version of the Oracle Database wikibook | Q28600250:Oracle database backup format:file format | Q9353810:Oracle Database Trace File:file format	auto
www	World Wide Web	1989	TECHNOLOGY	Q466	World Wide Web	global system of interlinked hypertext documents accessed via the Internet	Q2352680:World Wide Web:journal | Q119940732:World Wide Web:1997 single by Nick Borgen & Surfarna | Q109593343:World Wide Web:1997 Melodifestivalen entry performed by Nick Borgen | Q37033:World Wide Web Consortium:main international standards organization for the World Wide Web	review
linux	Linux Kernel	1991	TECHNOLOGY	Q6555099	Linux kernel mailing list	mailing list for software developers working on the Linux kernel	Q70589944:Linux kernel module:loadable kernel module for the Linux kernel | Q732593:Linux kernel oops:type of error on the Linux kernel | Q6555064:Linux Kernel API:overview and comparison of the Linux kernel API's and ABI's | Q75699628:Linux kernel version history:version history of the Linux kernel	review
python	Python	1991	TECHNOLOGY	Q28865	Python	general-purpose programming language	Q76417859:Python:family name | Q2120075:Python:German ship | Q29642950:Python package:software library for the Python programming language | Q184018:pythons:family of snakes	review
windows_95	Windows 95	1995	TECHNOLOGY	Q83370	Windows 95	personal computer operating system by Microsoft	Q132204073:Windows 95:creative work by Loss Pequeño Glazier | Q113653069:Windows 95 Help: tvorba nápovědy ve Windows 95:1996 Czech book edition | Q2403431:Windows 95 OSR2:Updated version of Windows 95. | Q105866192:Windows 95 passwords:file format	review
java	Java	1995	TECHNOLOGY	Q251	Java	object-oriented programming language	Q3757:Java:island of Indonesia | Q37270782:Java:family name | Q879704:Javanese script:writing system used for Javanic languages | Q193321:Java virtual machine:runtime environment that can execute Java bytecode as a result of compiling computer programs written in the Java programming language	review
javascript	JavaScript	1995	TECHNOLOGY	Q2005	JavaScript	high-level programming language	Q24789150:JavaScript framework:type of library that helps structure other JavaScript software | Q783866:JavaScript library:library of JavaScript code that allows for easier development of JavaScript-based applications | Q591919:JavaScript engine:JavaScript engine/implmentation | Q55142776:JavaScript date method:method of JavaScript dates	auto
unreal	Unreal Engine	1998	TECHNOLOGY	Q13156650	Unreal Engine 2	second version of Unreal Engine developed by Epic Games	Q84583653:Unreal Engine 1:game engine developed by Epic MegaGames | Q65559773:Unreal Engine 2.5:version of the Unreal Engine game engine combining elements from UE1 and UE2 | Q13156651:Unreal Engine 3:third version of Unreal Engine developed by Epic Games | Q105856666:Unreal Engine Project:file format	review
bittorrent	BitTorrent	2001	TECHNOLOGY	Q133862	BitTorrent	peer-to-peer file sharing protocol	Q878713:BitTorrent:peer-to-peer program for uploading and downloading files via the BitTorrent protocol | Q21577192:BitTorrent client:peer-to-peer software for the BitTorrent protocol | Q2021268:BitTorrent tracker:server which keeps records of seeds and peers of torrent files | Q4217103:BitTorrent index:list of .torrent files available for searches	review
mapreduce	MapReduce	2004	TECHNOLOGY	Q567759	MapReduce	programming model for efficient queries over huge datasets, introduced by Google	Q59795688:MapReduce:scholarly article from January 2010 | Q131122680:MapReduce:scientific article published on 16 December 2014 | Q59795724:MapReduce: Simplified Data Processing on Large Clusters:article by Jeff Dean & Sanjay Ghemawat published 1 January 2008 in Communications of the ACM | Q118135267:Mapreduce implementation in an on-demand network code execution system and stream data processing system:US patent 11243953	review
git	Git	2005	TECHNOLOGY	Q186055	Git	distributed version control system	Q53755957:Git Wire Protocol:communications protocol which is used by git revision control software | Q364:GitHub:hosting service for software projects using Git | Q720843:Gitega Province:province of Burundi | Q97460957:Gitweb:Git web interface bundled with Git	auto
unity	Unity	2005	TECHNOLOGY	Q63966	Unity	cross-platform game engine	Q98777313:Unity:female given name | Q319965:Unity:state in South Sudan | Q7893750:Unity:2004 video game | Q1941944:Unity:1991 studio album by 311	review
aws_cloud	AWS Cloud	2006	TECHNOLOGY	Q117390959	AWS Cloud Development Kit	open-source software development framework developed by Amazon Web Services	Q117272797:AWS CloudFormation:computing service | Q137536067:AWS Cloud Practitioner:Skillmea online course | Q129786782:AWS Cloud based Failover Load Balancing Mechanism and Availability Assessment:scholarly article | Q456157:Amazon Web Services:subsidiary of Amazon that provides on-demand cloud computing platforms on a metered pay-as-you-go basis	review
cuda	CUDA	2007	TECHNOLOGY	Q477690	CUDA	parallel computing platform and programming model	Q56244151:Cuda:family name | Q21502210:Cudahy:family name | Q37031657:Cudak:family name | Q58043238:Cuda (Pauly-Wissowa):encyclopedic article in Paulys Realencyclopädie der classischen Altertumswissenschaft (RE)	review
ios	iOS	2007	TECHNOLOGY	Q48493	iOS	mobile operating system by Apple Inc.	Q216993:Ios:Greek island | Q17501872:Iosif:male given name | Q5972920:IOS Press:publisher | Q18062828:Iosephus:male given name	review
android	Android	2008	TECHNOLOGY	Q94	Android	operating system created by Google for use on mobile devices	Q181787:android:robot resembling a human, or in other uses specifically a human | Q85684089:Android 11:11th major release of the Android mobile operating system | Q17305518:Android Lollipop:version of the Android operating system | Q2846924:Android Jelly Bean:mobile operating system	review
zero_trust	Zero Trust	2010	TECHNOLOGY	Q104852562	zero trust architecture	design and implementation strategy of IT systems where users and devices should not be trusted by default, even if they are connected to a privileged network such as a corporate LAN and even if they were previously verified	Q133822127:zero trust model:security model where no one is automatically trusted even if they are inside the security perimeter or was previously verified | Q130017022:Zero Trust Architecture:NIST Special Publication | Q120908205:Zero trust for edge devices:US patent 11516199 | Q130953381:Zero Trust Network Intrusion Detection System (NIDS) using Auto Encoder for Attention-based CNN-BiLSTM:scientific article published on 13 March 2023	review
docker	Docker	2013	TECHNOLOGY	Q15206305	Docker	open-source software for deploying and running of containerized applications	Q16869593:Docker:family name | Q107380740:docker:Python library | Q21892650:Docker, Inc.:company behind the development of Docker software | Q37494826:Dockery:family name	review
tensorflow	TensorFlow	2015	TECHNOLOGY	Q21447895	TensorFlow	machine learning software framework	Q107382156:tensorflow-metadata:Python library | Q107381458:tensorflow-estimator:Python library | Q107382184:tensorflow-datasets:Python library | Q107384101:tensorflow-probability:Python library	auto
pytorch	PyTorch	2016	TECHNOLOGY	Q47509047	PyTorch	open source machine learning library for Python, based on Torch	Q107387030:pytorch:dummy Python library | Q133097076:PyTorch Geometric:PyG Python library | Q85847011:PyTorch Lightning:wrapper for PyTorch | Q107382236:pytorch-nlp:Python library	review
walkman	Sony Walkman	1979	TECHNOLOGY	Q7562556	Sony Walkman Z Series		Q18379425:Sony Walkman WM-DD Series:line of portable audio players by Sony | Q15298306:Sony Walkman TPS-L2:the first Sony Walkman personal cassette player, based on earlier TCM-600 dictation recorder | Q131549103:Sony Walkman WM-2013:walkman by Sony | Q124936252:Sony Walkman NWZ-ZX1:portable music player	review
macintosh	Macintosh	1984	TECHNOLOGY	Q28339766	MacIntosh	family name	Q87761437:Macintosh:family name | Q87761495:Macintosh:given name | Q756013:Macintosh Classic:personal computer by Apple, Inc. | Q13522376:Classic Mac OS:Apple Macintosh’s original operating system (1984–2002)	review
toshiba_t1100	Toshiba T1100	1985	TECHNOLOGY	Q3892868	Toshiba T1100	laptop computer		auto
excel	Microsoft Excel	1985	TECHNOLOGY	Q11272	Microsoft Excel	spreadsheet editor, part of Microsoft 365	Q137535822:Microsoft Excel:Skillmea online course | Q60806257:Microsoft Excel 4.0 Worksheet (xls):file format | Q60886323:Microsoft Excel 2000-2003 Workbook:file format | Q60886160:Microsoft Excel 97 Workbook:file format	review
photoshop	Adobe Photoshop	1990	TECHNOLOGY	Q129793	Adobe Photoshop	raster graphics editor with limited vector graphics and 3D graphics editing capabilities	Q360403:Adobe Photoshop Lightroom:photo editing and management computer program | Q26879929:Adobe Photoshop File Formats Specification, August 2016 edition:technical specification of file formats associated with Adobe Photoshop | Q360363:Adobe Photoshop Express:software | Q360357:Adobe Photoshop Elements:raster image editing product	review
mosaic	Mosaic Browser	1993	TECHNOLOGY	Q133067	mosaic	image or writing made from an assemblage of small pieces of colored glass, stone, or other materials	Q381047:Mosaic:popular early web browser	none
netscape	Netscape Navigator	1994	TECHNOLOGY	Q235419	Netscape Navigator	web browser by Netscape released in 1994	Q52008314:Netscape navigator: surfing the web and exploring the Internet:digital supplement to a book published in 1995 | Q3273413:Netscape Navigator 9:last version of the classic web browser, essentially rebranded Firefox | Q33129632:Netscape Navigator 3.0:version 3.0 of the Netscape Navigator web browser | Q31830878:Netscape Navigator 2.02:Version 2.02 of the discontinued proprietary web browser Netscape Navigator, the original Netscape browser series.	auto
amazon_com	Amazon.com	1994	TECHNOLOGY	Q124609769	Amazon.com	e-commerce platform	Q133848906:Amazon.com, Inc.:company incorporated in Delaware | Q133848921:Amazon.com, Inc.: | Q33600242:Amazon.com, Inc. 2016 Annual Report:annual report | Q115518770:Amazon.com, Inc. v. Barnesandnoble.com, Inc.:2001 U.S. Federal Court Case	auto
netflix	Netflix	1997	TECHNOLOGY	Q907311	Netflix	American subscription video on-demand over-the-top streaming service	Q63523678:Netflix:2019 single by Lazza | Q116452644:Netflix, Inc.:American media company | Q104414180:Netflix Animation:American animation studio | Q123514898:Netflix Music:US record label	review
google_search	Google Search	1998	TECHNOLOGY	Q9366	Google Search	search engine by Google LLC	Q3306623:Google Search Appliance:rack-mounted device | Q328216:Google Search Console:internet service by Google | Q5583876:Google Searchology: | Q5583908:Google search features:	review
paypal	PayPal	1998	TECHNOLOGY	Q483959	PayPal	American worldwide online payments system	Q135683185:PayPal:US financial services company | Q136653753:PayPal:Nigerian music by Zlatan -(feat. Mayorkun) | Q7156556:PayPal Mafia:term used to indicate a group of former PayPal employees and founders who have since founded and developed additional technology companies | Q135683211:PayPal Holdings:US holding company	review
salesforce_crm	Salesforce CRM	1999	TECHNOLOGY	Q941127	Salesforce	American cloud-based software company	Q115602131:Salesforce:Suite of cloud-based applications, including CRM, sales, artificial intelligence, analytics, and API software. | Q110262554:Salesforce:Dedicated Stack Exchange community site for Salesforce administrators, implementation experts, developers, and customers. | Q5419210:Salesforce Marketing Cloud:Cloud-based marketing and advertising tools developed by Salesforce	review
wikipedia	Wikipedia	2001	TECHNOLOGY	Q52	Wikipedia	free multilingual online encyclopedia	Q4390943:Wikipedia:Wikimedia's official app for Wikipedia | Q328:English Wikipedia:[en] English-language edition of Wikipedia | Q48183:German Wikipedia:German-language edition of Wikipedia | Q8447:French Wikipedia:[fr] French-language edition of Wikipedia	review
skype	Skype	2003	TECHNOLOGY	Q40984	Skype	former telecommunications software service	Q2751766:Skype protocol:app's proprietary Voice Over IP network | Q246125:Skype Technologies:subsidiary of Microsoft, which is developing Skype | Q1416838:Skype for Business:instant messaging client | Q125624792:Skypet Saingthong:badminton player	auto
linkedin	LinkedIn	2003	TECHNOLOGY	Q213660	LinkedIn	American social networking website for people in professional occupations	Q80056039:LinkedIn Ireland:Irish company | Q17067960:LinkedIn Learning:online education company | Q115366029:LinkedIn News:American online media | Q112058774:LinkedIn post:a single entry on LinkedIn	auto
facebook	Facebook	2004	TECHNOLOGY	Q355	Facebook	American online social media and social networking service	Q18613161:Facebook:300th strip of the webcomic xkcd | Q101420143:Facebook page:pages on Facebook are dedicated to businesses, brands, organizations and public figures | Q41689616:Facebook app:official mobile app of Facebook | Q28943651:Facebook AI Research:research group	review
youtube	YouTube	2005	TECHNOLOGY	Q866	YouTube	American video-sharing platform owned by Alphabet Inc.	Q41697543:YouTube:mobile app | Q18157148:YouTube:official channel of YouTube | Q112247183:YouTube LLC:American audiovisual communications company | Q63412991:YouTube video:software resource that represents a video, its comments, likes, etc. on YouTube	review
twitter	Twitter	2006	TECHNOLOGY	Q15718485	Twitter	name of American social networking service between 2006–2023	Q1390577:Twitter:defunct American social media company | Q106705594:twitter:call type in some vocalizing animals | Q18614279:Twitter:491st strip of the webcomic xkcd | Q918:X:American social networking service founded in 2006	auto
iphone	iPhone	2007	TECHNOLOGY	Q2766	iPhone	line of smartphones developed and marketed by Apple Inc.	Q621427:iPhone:first smartphone of the iPhone line by Apple Inc. | Q39510168:iPhone X:group of smartphone models produced by Apple Inc. | Q18010890:iPhone 6:group of smartphone models produced by Apple Inc. | Q56599248:iPhone XS:group of smartphone models produced by Apple Inc.	review
spotify	Spotify	2008	TECHNOLOGY	Q689141	Spotify	Swedish audio streaming service	Q87067874:Spotify:Swedish company | Q60269744:Spotify Technology:Luxembourgish holding company | Q19884154:Spotify artist ID:identifier for an artist on Spotify | Q88780439:Spotify Singles:single series by Spotify	review
app_store	App Store	2008	TECHNOLOGY	Q368215	App Store	digital app distribution platform for iOS/iPadOS	Q131740648:App Store:client for the GrapheneOS app repository | Q111037377:App Store Awards:annual awards ceremony | Q932688:Mac App Store:digital app distribution platform for macOS | Q55604097:Apple TV App Store:digital distribution platform by Apple	review
google_chrome	Google Chrome	2008	TECHNOLOGY	Q777	Google Chrome	web browser developed by Google	Q5583814:Google Chrome:mobile browser developed by Google | Q5583816:Google Chrome extension:browser extension for Google Chrome and other Chromium-based browsers | Q16972647:Google Chrome app:web application that runs on the Google Chrome web browser | Q79576:Google Play:digital software distribution platform from Google	review
github	GitHub	2008	TECHNOLOGY	Q364	GitHub	hosting service for software projects using Git	Q82066181:GitHub:mobile app | Q112578376:github:Atom package for GitHub integration | Q28771536:GitHub Inc.:American software corporation | Q100710463:GitHub CLI:GitHub's official command-line tool	review
bitcoin	Bitcoin	2009	TECHNOLOGY	Q131723	Bitcoin	digital cash system and associated currency	Q18198917:Bitcoin Core:Bitcoin node and wallet software | Q59285013:Bitcoin SV:cryptocurrency that is a hard fork of Bitcoin Cash (2018) | Q23055403:bitcoin sign:currency sign of the bitcoin sign | Q20107444:bitcoin exchange:service for converting bitcoin to other currencies	auto
uber_app	Uber App	2010	TECHNOLOGY	Q780442	Uber	peer-to-peer ridesharing, food delivery, and transportation network company headquartered in San Francisco, California	Q37307685:Uber:family name | Q104547327:Uber:male given name | Q194328:Uberlândia:municipality of Minas Gerais state, Brazil	review
stripe	Stripe	2010	TECHNOLOGY	Q7624104	Stripe	Irish-American payment technology company	Q117454382:Stripe:South African progamer | Q3421342:stripe:long, narrow band of color, often in alternating sets | Q127900502:Stripe:fictional character in the Gremlins franchise | Q842647:striped bass:species of fish	review
wechat	WeChat	2011	TECHNOLOGY	Q283233	WeChat	messaging, social media, and payment app developed by Tencent	Q137860966:WeChat Clean:open-source software to clean WeChat's storage which was taken down by Tencent | Q59426035:WeChat Pay:Chinese mobile payment system | Q19646485:WeChat red envelope:mobile application developed by Chinese technology company Tencent | Q105854164:WeChat Audio message (SILK codec):file format	review
zoom	Zoom	2011	TECHNOLOGY	Q94979732	Zoom	video-conferencing software	Q12898501:Zoom:Haitian musician | Q17460900:Zoom Video Communications:company responsible for the Zoom software | Q932299:Zoom Corporation:Japanese company | Q4053610:Zoomorphology:peer-reviewed scientific journal	review
model_s	Tesla Model S	2012	TECHNOLOGY	Q1463050	Tesla Model S	electric sedan produced and sold by Tesla Motors	Q125396559:Tesla Model S Plaid:model of Tesla car | Q97823764:Tesla Model S, model year 2014:car model | Q17734787:Tesla Model S proglašen za automobil 2013. godine:Wikinews article | Q478214:Tesla:American automotive, energy storage and solar power company	review
raspberry_pi	Raspberry Pi	2012	TECHNOLOGY	Q245	Raspberry Pi	series of low-cost single-board computers used for educational purposes and embedded systems	Q890474:Raspberry Pi OS:dedicated operating system for Raspberry Pi | Q7295195:Raspberry Pi Foundation:charity which promotes education of adults and children, particularly in the field of computers, computer science and related subjects | Q65015606:Raspberry Pi 4 Model B:credit-card-sized single-board computer | Q48928204:Raspberry Pi Zero:the $5 computer	auto
dji_phantom	DJI Phantom	2013	TECHNOLOGY	Q19840564	DJI Phantom	series of unmanned aerial vehicles from DJI	Q135898864:DJI Phantom:unmanned drone | Q109928200:DJI Phantom 4 Pro:unmanned aerial photography and videography drone | Q110996788:DJI Phantom 4 Advanced:unmanned aerial photography and videography drone | Q110996785:DJI Phantom 4 Pro V2.0:unmanned aerial photography and videography drone	review
slack	Slack	2013	TECHNOLOGY	Q17130715	Slack	web-based instant messaging service	Q37555651:Slack:family name | Q7808625:Slack Technologies:American software company | Q58436:Slackware:Linux distribution | Q39908:trousers:clothing for the legs and lower body	review
tesla_autopilot	Tesla Autopilot	2014	TECHNOLOGY	Q126935977	Tesla Autopilot hardware	hardware used in Tesla autonomous driving systems	Q27150149:Tesla Autopilot:advanced driver-assistance system available in some Tesla vehicles | Q478214:Tesla:American automotive, energy storage and solar power company | Q163343:tesla:SI unit of magnetic flux density | Q37251206:Tesla:family name	review
ethereum	Ethereum	2015	TECHNOLOGY	Q16783523	Ethereum	public blockchain platform with programmable transaction functionality	Q110262618:Ethereum:Stack Exchange site for users of Ethereum, the decentralized application platform and smart contract enabled blockchain | Q29583124:Ethereum Classic:open source blockchain computing platform | Q96479576:Ethereum 2.0:Ethereum using PoS consensus algorithm . | Q114747713:Ethereum Improvement Proposal:standard for the Ethereum platform	review
alphago	AlphaGo	2016	TECHNOLOGY	Q22329209	AlphaGo	computer program developed by Google DeepMind to play the board game Go	Q30035185:AlphaGo versus Ke Jie:Go match in May 2017 | Q29550830:AlphaGo Master:an edition of the Go software AlphaGo | Q42296896:AlphaGo versus Fan Hui:match between AlphaGo and Fan Hui in October 2015 | Q42223294:AlphaGo Fan:edition of AlphaGo that defeated professional Go player Fan Hui in October 2015	auto
tiktok	TikTok	2016	TECHNOLOGY	Q48938223	TikTok	video-focused social media platform	Q121133407:Tiktok:social media app | Q110888858:TikTok video:video data object on China's video sharing service TikTok servers that contains data about the video | Q94791573:TikToker:person that produces videos on video sharing service TikTok | Q18394374:Tiktok:2015 film by Usama Mukwaya	review
oculus_rift	Oculus Rift	2016	TECHNOLOGY	Q69464718	Oculus Rift	virtual reality headset released in 2016	Q3274429:Oculus Rift:virtual reality headset by Meta Platforms | Q64021532:Oculus Rift S:virtual reality headset by Facebook Technologies | Q128214858:Oculus Rift DK2:VR headset | Q110870359:Oculus Rift Store:video game digital distribution platform owned by Facebook Technologies	review
alphago_zero	AlphaGo Zero	2017	TECHNOLOGY	Q42259287	AlphaGo Zero	version of AlphaGo without human data		auto
starlink	Starlink	2019	TECHNOLOGY	Q19867977	Starlink	satellite constellation; space-based internet communication system	Q127785902:Starlink:division of SpaceX | Q34745947:Starlink Data Format:file format | Q7602103:Starlink Project:UK astronomical computing project | Q16932950:StarLink corn recall:recall of foods containing genetically modified corn in 2000	review
fugaku	Fujitsu Fugaku	2020	TECHNOLOGY	Q186394	Fujitsu	Japanese multinational information technology equipment and services company	Q1132466:Fujitsu district:district in Saga prefecture, Japan | Q11456247:Fujitsu Research Institute: | Q2379925:FM-7:1982 Fujitsu home computer | Q1073949:Fujitsu Cup:international Go competition	none
copilot	GitHub Copilot	2021	TECHNOLOGY	Q107435063	GitHub Copilot	artificial intelligence tool for code autocompletion		auto
chatgpt	ChatGPT	2022	TECHNOLOGY	Q115564437	ChatGPT	artificial intelligence chatbot developed by OpenAI	Q125764297:ChatGPT:iOS app | Q125774522:ChatGPT:official Android app developed by OpenAI | Q117303591:ChatGPT Plus:subscription plan for ChatGPT | Q136671119:ChatGPT Vision Circle:online community	review
midjourney	Midjourney	2022	TECHNOLOGY	Q113070628	Midjourney	AI art generator	Q116956702:Midjourney, Inc.:Artificial intelligence company in the United States | Q137535609:Midjourney Masterclass: Odomkni plný potenciál AI:Skillmea online course | Q139324261:Fast Hours:podcast about AI image and video generation, and generative AI application for creatives	auto
perplexity	Perplexity	2022	TECHNOLOGY	Q123403392	Perplexity	chatbot search engine	Q372193:perplexity:the exponentiation of the information entropy | Q58184039:perplexity:an emotional process | Q124333951:Perplexity AI:American conversational search engine company | Q21959691:Perplexity Creek:stream in the Northern Territory, Australia	review
spacex_falcon9	Falcon 9	2010	TECHNOLOGY	Q249091	Falcon 9	partially reusable orbital launch vehicle by SpaceX	Q28450215:Falcon 9 Block 5:current version of the SpaceX Falcon 9 orbital launch vehicle | Q22808999:Falcon 9 Full Thrust:third major version of the SpaceX Falcon 9 orbital launch vehicle | Q53214907:Falcon 9 booster:first stage of a Falcon 9 rocket | Q15215794:Falcon 9 v1.1:second version of SpaceX's Falcon 9 orbital launch vehicle	auto
starship	Starship	2023	TECHNOLOGY	Q62833385	Starship	SpaceX super heavy-lift reusable launch vehicle	Q2003852:starship:spacecraft designed for interstellar travel | Q56650652:Starship:reusable spacecraft by SpaceX | Q122376440:STARSHIP:2022 video game | Q15706519:Starship:American rock band	review
gemini	Google Gemini	2023	TECHNOLOGY	Q135267995	Google Gemini on Wear OS	smartwatch app developed by Google	Q79576:Google Play:digital software distribution platform from Google | Q123688361:Gemini:family of language models by Google DeepMind | Q136832031:Gemini 3:AI model by Google | Q124547183:Gemini 1.5 Pro:large language model developed by Google	review
claude	Claude	2023	TECHNOLOGY	Q17523984	Claude	unisex given name	Q14649317:Claude:family name | Q11855388:Claude:Finnish singer (1966-1996) | Q296:Claude Monet:French painter (1840–1926) | Q214074:Claude Lorrain:French painter, draughtsman and etcher (1600—1682)	review
cursor	Cursor	2023	TECHNOLOGY	Q107602	cursor	part of a computer UI that indicates the position (textual or graphical) that operations will affect	Q131980386:Cursor:source code editor developed by Anysphere | Q7208362:mouse cursor:graphical image on a computer monitor that echoes movements of a pointing device | Q570328:Cursorius:genus of birds	review
sora	Sora	2024	TECHNOLOGY	Q117382	Sora	comune of Lazio, Italy	Q13284:Sora:Munda language of India | Q1655051:Sora:municipality of the department of Boyacá, Colombia | Q25936857:Sora:family name | Q13849:Sora:municipality in the comarca of Osona, Catalonia autonomous community, Spain	review
vision_pro	Apple Vision Pro	2024	TECHNOLOGY	Q117715451	Apple Vision Pro	XR-Headset by Apple Inc.	Q136375952:Apple Vision Pro:app developed by Apple Inc. | Q129937857:Apple Vision Pro: Comments in Healthcare:scholarly article published in 2024 | Q131325217:Apple Vision Pro App of the Year:award of Apple App Store | Q131325226:Apple Vision Pro Game of the Year:award of Apple App Store	review
fairchild	Fairchild Semi	1957	COMPANY	Q1096013	Fairchild Semiconductor	American company	Q1671509:onsemi:A semiconductor company focused on intelligent power and sensing technologies	auto
intel	Intel	1968	COMPANY	Q248	Intel	American multinational technology company	Q15760916:Intellectual History Review:academic journal | Q183560:intellectual disability:generalized neurodevelopmental disorder | Q392651:intelligence agent:employee of an intelligence service | Q11660:artificial intelligence:field of computer science that develops and studies software enabling machines to exhibit intelligent behavior	auto
amd	AMD	1969	COMPANY	Q128896	AMD	American multinational semiconductor company	Q17825270:AMD1:protein-coding gene in the species Homo sapiens | Q401700:Sardar Vallabhbhai Patel International Airport:airport in Ahmedabad, India | Q412621:methyldopa:chemical compound | Q830308:age related macular degeneration:medical condition which may result in blurred or no vision in the center of the visual field	auto
nvidia	NVIDIA	1993	COMPANY	Q182477	Nvidia	American multinational technology company	Q56274119:Nvidia RTX:development platform for rendering graphics | Q957576:Nvidia Optimus:technology by Nvidia | Q114062792:GeForce RTX 4080:graphics card | Q116004030:GeForce RTX 4070 Ti:graphics card by Nvidia	auto
arm_ltd	Arm Holdings	1990	COMPANY	Q296782	Arm Holdings	British multinational semiconductor and software design company		auto
samsung	Samsung	1969	COMPANY	Q124989916	Samsung	brand of electronics	Q20718:Samsung Electronics:South Korean multinational electronics corporation | Q20716:Samsung Group:South Korean multinational conglomerate | Q489243:Samsung Heavy Industries:South Korean shipbuilding company | Q624119:Samsung Medical Center:hospital in South Korea	review
qualcomm	Qualcomm	1985	COMPANY	Q544847	Qualcomm	American global semiconductor company	Q1083858:Qualcomm Atheros:company; subsidiary of Qualcomm | Q1193262:Qualcomm Snapdragon:suite of system-on-a-chip (SoC) semiconductor products | Q64840821:Qualcomm Snapdragon 425:system-on-a-chip for smartphones etc. | Q114580276:Qualcomm Snapdragon 870:	auto
broadcom	Broadcom	1991	COMPANY	Q555925	Broadcom	American semiconductor manufacturer	Q790060:Broadcom:American semiconductor company | Q50379826:Broadcom (Canada):company in Richmond, Canada | Q19868442:Broadcom chipset:chipset produced by Broadcom | Q113228888:Broadcom BCM2050:2,4 GHz WLAN (802.11B/G) radio ic manufactured by Broadcom	review
hp	Hewlett-Packard	1939	COMPANY	Q80978	Hewlett-Packard	American information technology company	Q58197091:Hewlett-Packard:Czech company | Q1422842:Hewlett-Packard Graphics Language:printer control language | Q19923099:Hewlett Packard Enterprise:American information technology company | Q691126:Hewlett Packard Enterprise Services:American multinational information technology equipment and services company	review
sun_micro	Sun Microsystems	1982	COMPANY	Q14647	Sun Microsystems	defunct American computer hardware and software company	Q672985:Sun Microsystems audio file:audio file format | Q18017645:Sun Microsystems cuts 6,000 jobs:Wikinews article | Q18622606:Sun Microsystems anuncia despidos de hasta 6 000 trabajadores:Wikinews article | Q4050374:Oracle Labs:information technology lab	auto
att	AT&T	1885	COMPANY	Q35476	AT&T	American multinational conglomerate	Q2843047:AT&T Corporation:subsidiary of AT&T that provides voice, video, data, and Internet telecommunications | Q838284:AT&T Stadium:stadium in Arlington, Texas, U.S. | Q105994387:AT&T UNIX:The original commercial Unix operating system by AT&T | Q217365:Bell Labs:research and scientific development company	auto
cisco	Cisco	1984	COMPANY	Q173395	Cisco	American multinational technology company	Q110280291:Cisco:family name | Q24088299:Cisco:name: given name, nickname, and surname | Q121627775:Cisco:male given name | Q980092:Cisco:city in Eastland County, Texas, United States	review
spacex	SpaceX	2002	COMPANY	Q193701	SpaceX	American private aerospace company	Q7572748:Spacex:contemporary art gallery in Devon, England | Q56042850:SpaceX Crew-1:NASA Commercial Crew Program mission to the International Space Station | Q97769209:SpaceX Crew-2:NASA Commercial Crew Program mission to the International Space Station | Q236448:Dragon:reusable cargo spacecraft by SpaceX	review
ibm	IBM	1911	COMPANY	Q37156	IBM	American multinational technology corporation	Q70096636:Ibm:locality in Braunau am Inn District | Q269856:IBM AIX:Unix operating system from IBM | Q609843:IBM System/360:IBM mainframe computer family (1964–1978) | Q863568:IBM PC DOS:discontinued computer operating system	review
tesla	Tesla	2003	COMPANY	Q478214	Tesla	American automotive, energy storage and solar power company	Q1548225:Tesla:Czech manufacturer of electronical and electrical equipment (est.1991) | Q163343:tesla:SI unit of magnetic flux density | Q37251206:Tesla:family name | Q139730425:Tesla:book about Tesla	review
dji	DJI	2006	COMPANY	Q16924332	DJI	Chinese technology company	Q125053407:DJI:Chinese brand of electronics | Q977:Djibouti:sovereign state in Africa | Q1936:Djibril Cissé:French footballer (born 1981) | Q298682:Djimon Hounsou:Beninese actor	review
boston_dynamics	Boston Dynamics	1992	COMPANY	Q2298325	Boston Dynamics	engineering and robotics design company	Q124088440:Boston Dynamics AI Institute:research organization in US | Q129426361:Boston Dynamics' Dog Robots Can Now Open Doors:scholarly article | Q57334737:Spot:2019 robot by Boston Dynamics	auto
microsoft	Microsoft	1975	COMPANY	Q2283	Microsoft	American multinational technology corporation	Q1406:Microsoft Windows:family of computer operating systems developed by Microsoft | Q135288:Microsoft Store:digital distribution platform operated by Microsoft | Q11272:Microsoft Excel:spreadsheet editor, part of Microsoft 365 | Q60683589:Microsoft Academic Knowledge Graph:RDF representation of the Microsoft Academic Graph	auto
oracle	Oracle	1977	COMPANY	Q217123	oracle	in classical antiquity, person or agency considered to provide wise and insightful counsel or prophetic predictions or precognition of the future	Q2740714:Oracle:census-designated place in Pinal County, Arizona, United States | Q19900:Oracle Corporation:American multinational computer corporation | Q185524:Oracle Database:proprietary database management system | Q1143357:oracle machine:abstract machine used to study decision problems	review
adobe	Adobe	1982	COMPANY	Q11463	Adobe	American multinational computer software company	Q183496:adobe:building material of earth and organic materials | Q165658:Adobe Flash:deprecated multimedia platform used to add animation and interactivity to web pages | Q215016:Adobe Illustrator:vector graphics editor developed and marketed by Adobe Systems | Q360109:Adobe Director:deprecated multimedia application authoring platform	review
salesforce_co	Salesforce	1999	COMPANY	Q941127	Salesforce	American cloud-based software company	Q115602131:Salesforce:Suite of cloud-based applications, including CRM, sales, artificial intelligence, analytics, and API software. | Q110262554:Salesforce:Dedicated Stack Exchange community site for Salesforce administrators, implementation experts, developers, and customers. | Q5419210:Salesforce Marketing Cloud:Cloud-based marketing and advertising tools developed by Salesforce | Q14684154:Salesforce Tower:office building in San Francisco	review
sap	SAP	1972	COMPANY	Q552581	SAP	German software producer	Q209344:Sapienza University of Rome:Italian university founded in Rome in 1303 | Q27147:Sapindaceae:family of plants in the order Sapindales | Q158981:Sapotaceae:family of plants | Q50920401:SAPA Foundation, Swiss Archive of the Performing Arts:national memorial institution for the field of Swiss dance and theater culture	auto
google	Google	1998	COMPANY	Q95	Google	American multinational technology company, a subsidiary of Alphabet Inc.	Q9366:Google Search:search engine by Google LLC | Q79576:Google Play:digital software distribution platform from Google | Q42274:Google Earth:virtual map program developed by Google | Q494817:Google Scholar:academic search service by Google	auto
amazon	Amazon	1994	COMPANY	Q3884	Amazon	American multinational technology company	Q40040:Amazonas:state in the North Region of Brazil | Q201162:Amazonas Department:department of Peru | Q4740856:Amazon Prime Video:American video streaming service | Q177567:Amazon rainforest:large rainforest in South America	auto
meta	Meta	2004	COMPANY	Q380	Meta	American technology company	Q12796400:Meta:female given name | Q57167572:Meta:family name | Q238629:Meta Department:department of Colombia | Q815382:meta-analysis:statistical method that summarizes data from multiple sources	review
tencent	Tencent	1998	COMPANY	Q860580	Tencent	Chinese multinational investment holding conglomerate	Q60169475:Tencent Penguin Pictures:Chinese content production company owned by Tencent Holdings | Q28136991:Tencent Video:Chinese over-the-top subscription video-on-demand streaming service | Q39057776:Tencent Games:division of Tencent Holdings | Q857640:Tencent QQ:instant messaging software service	auto
alibaba	Alibaba	1999	COMPANY	Q111020661	Alibaba	unisex given name	Q109392202:Alibaba:mahalle (administrative quarter) in Şahinbey, Gaziantep, south-central Turkey | Q136503934:Alibaba:mahalle (administrative quarter) in central district, Tunceli, eastern Turkey | Q1359568:Alibaba Group:Chinese multinational technology company | Q100893028:Alibaba Odd:basketball player	review
bytedance	ByteDance	2012	COMPANY	Q55606242	ByteDance	Chinese Internet and technology company	Q138874364:ByteDance Limited:Caymanese company | Q99371675:ByteDance предпочла Oracle Microsoft:Wikinews article | Q138873381:Tiktok Information Technologies UK Limited:UK company | Q139674962:TT Commerce & Global Services LLC:Other half of TikTok split up is TikTok USDS Joint Venture LLC	auto
uber_co	Uber	2009	COMPANY	Q780442	Uber	peer-to-peer ridesharing, food delivery, and transportation network company headquartered in San Francisco, California	Q37307685:Uber:family name | Q104547327:Uber:male given name | Q194328:Uberlândia:municipality of Minas Gerais state, Brazil | Q43381902:Uberto:male given name	review
airbnb	Airbnb	2008	COMPANY	Q63327	Airbnb	American online platform for rental accommodations	Q42289508:Airbnb Android app:official Android app of Airbnb | Q115225999:Airbnb Details Road Map to Lower Cloud Costs:Wall Street Journal article (November 7, 2022) | Q59116158:Airbnb announces intent to remove Israeli West Bank settlement property listings:Wikinews article | Q114685691:Airbnb Plans to File for IPO in August:Wall Street Journal article (August 11, 2020)	auto
paypal_co	PayPal	1998	COMPANY	Q135683185	PayPal	US financial services company	Q483959:PayPal:American worldwide online payments system | Q136653753:PayPal:Nigerian music by Zlatan -(feat. Mayorkun) | Q135683211:PayPal Holdings:US holding company | Q60768270:PayPal Honey:American company operating a browser extension that applies coupons	review
stripe_co	Stripe	2010	COMPANY	Q7624104	Stripe	Irish-American payment technology company	Q117454382:Stripe:South African progamer | Q3421342:stripe:long, narrow band of color, often in alternating sets | Q127900502:Stripe:fictional character in the Gremlins franchise | Q842647:striped bass:species of fish	review
netscape_co	Netscape	1994	COMPANY	Q210057	Netscape	American computer services company	Q235419:Netscape Navigator:web browser by Netscape released in 1994 | Q266990:Netscape:family of web browsers | Q3297609:Netscape 7:version 7.0 of the Netscape web browser | Q3509073:Netscape portable runtime:C programming language library	review
spotify_co	Spotify	2006	COMPANY	Q87067874	Spotify	Swedish company	Q689141:Spotify:Swedish audio streaming service | Q60269744:Spotify Technology:Luxembourgish holding company | Q19884154:Spotify artist ID:identifier for an artist on Spotify | Q88780439:Spotify Singles:single series by Spotify	review
netflix_co	Netflix	1997	COMPANY	Q907311	Netflix	American subscription video on-demand over-the-top streaming service	Q63523678:Netflix:2019 single by Lazza | Q116452644:Netflix, Inc.:American media company | Q116452767:Netflix International B.V.:subsidiary that provides access to the Netflix service in the Netherlands | Q104414180:Netflix Animation:American animation studio	review
deepmind	Google DeepMind	2010	COMPANY	Q15733006	Google DeepMind	artificial intelligence company owned by Google	Q134404957:Google DeepMind: The Podcast:podcast from Google DeepMind, presented by Professor Hannah Fry | Q47175233:Google DeepMind and healthcare in an age of algorithms.:scientific article published on 16 March 2017 | Q111720376:Google DeepMind's Untrendy Play to Make the Blockchain Actually:journal article | Q22329209:AlphaGo:computer program developed by Google DeepMind to play the board game Go	auto
openai	OpenAI	2015	COMPANY	Q21708200	OpenAI	American artificial intelligence research organization	Q124605186:OpenAI:artificial intelligence company, onwer and operator of ChatGPT, ChatGPT Enterprise and OpenAI’s API tools | Q96237091:OpenAI API:various AI APIs, products of OpenAI | Q25106053:OpenAIRE:network of Open Access repositories, archives and journals that support Open Access policies | Q130288245:OpenAI o1:2024 AI model from OpenAI	review
anthropic	Anthropic	2021	COMPANY	Q116758847	Anthropic	American artificial intelligence corporation	Q120549613:anthropic:Python library | Q55858500:Anthropics Technology:software company | Q240581:anthropic principle:philosophical consideration that observations of the Universe must be compatible with the conscious and sapient life that observes it | Q21322488:Anthropic Bias: Observation Selection Effects in Science and Philosophy:2002 book by Nick Bostrom	review
huggingface	Hugging Face	2016	COMPANY	Q108943604	Hugging Face	American company	Q118182434:Hugging Face SAS: | Q124039484:Hugging Face model:model hosted by Hugging Face | Q131939003:Hugging Face Hub:large language model community and hosting provider | Q124039493:Hugging Face model ID:identifier of a Hugging Face model	auto
sequoia	Sequoia Capital	1972	COMPANY	Q1852025	Sequoia Capital	U.S. venture capital firm	Q130555103:SEQUOIA CAPITAL:Czech company | Q94019441:Sequoia Capital Professorship:endowed academic position at Stanford University | Q131898921:Sequoia Capital Operations, LLC: | Q135954:1103 Sequoia:asteroid	review
ycombinator	Y Combinator	2005	COMPANY	Q2616400	Y Combinator	American startup accelerator	Q99157935:Y combinator:one of the fixed-point combinators in untyped lambda calculus | Q64057866:Y Combinator Summer 2012:Y Combinator accelerator program held in summer 2012 | Q64057874:Y Combinator Summer 2015:Y Combinator accelerator program held in summer 2015 | Q64057906:Y Combinator Winter 2013:Y Combinator accelerator program held in winter 2013	review
a16z	a16z	2009	COMPANY	Q110555715	a16z Podcast	podcast	Q4034010:Andreessen Horowitz:private American venture capital firm	review
softbank	SoftBank Vision Fund	2017	COMPANY	Q30924618	SoftBank Vision Fund	Japanese venture capital fund	Q85872104:SoftBank Vision Fund 2:	auto
xerox_parc	Xerox PARC	1970	COMPANY	Q8043903	Xerox PARC Map Viewer	software	Q152433:Xerox:American document management corporation | Q750428:PARC:company | Q16083114:Xerox 860:model of workstation manufactured by Xerox | Q29122899:Xerox (France):	review
bell_labs	Bell Labs	1925	COMPANY	Q217365	Bell Labs	research and scientific development company	Q45134019:Bell Labs, Alcaltel-Lucent:business enterprise in United States of America | Q127815:Bell Labs Technical Journal:Academic journal | Q4883199:Bell Labs Holmdel Complex:research facility in New Jersey | Q975855:Bell Labs Digital Synthesizer:1970s experimental musical synthesizer	auto
darpa	DARPA	1958	COMPANY	Q37491671	Darpa	family name	Q56014742:Darpan Bhargava:researcher | Q1767761:Darpa:genus of insects | Q60294209:Darpa:village in Purulia district, West Bengal, India | Q16954351:Darpa:village in Kerman, Iran	auto
mit_csail	MIT CSAIL	1959	COMPANY	Q334661	MIT License	permissive free software license	Q179205:Mitchell:family name | Q39572:mitochondrion:organelle in eukaryotic cells responsible for respiration | Q27727334:Mitochondrial DNA Part A:scientific journal | Q1354917:MIT Computer Science and Artificial Intelligence Laboratory:Computer Science research institute at MIT	none
stanford_ai_lab	Stanford AI Lab	1962	COMPANY	Q173813	Stanford	census-designated place in Santa Clara County, California, United States	Q41506:Stanford University:private research university in Stanford, California, USA | Q19691540:Stanford:family name | Q19691538:Stanford:male given name	none
cern	CERN	1954	COMPANY	Q42944	CERN	international organization which operates the world's largest particle physics laboratory	Q274589:Cernay:commune in Haut-Rhin, France | Q21448970:Černý:family name	auto
tsmc	TSMC	1987	COMPANY	Q713418	TSMC	semiconductor foundry company headquartered in Taiwan	Q109542563:TSMC Kaohsiung Fab:a 6/7mm fab to be built in southern Taiwan | Q126371852:TSMC N4X:a process tailored for high performance computing (HPC) applications | Q126367647:TSMC N4P:improvement of TSMC N4 | Q29123772:Taiwan Semiconductor Manufacturing Company (China):Chinese subsidiary of the Taiwanese company of the same name	auto
asml	ASML	1984	COMPANY	Q138559913	Asml	douar in Morocco	Q297879:ASML Holding:Dutch company and supplier of photolithography systems | Q30338395:ASML (United States): | Q4669931:Abstract State Machine Language:programming language based on the Abstract State Machines formal method	review
apple	Apple	1976	COMPANY	Q89	apple	edible fruit of the apple tree	Q26944931:Apple:unisex given name | Q111046003:Apple:registered trademark owned by Apple | Q312:Apple Inc.:American multinational technology company based in Cupertino, California | Q213710:Apple Records:UK international record label; imprint of Apple Corps Ltd.	review
sony	Sony	1946	COMPANY	Q6014034	Sony	Japanese electronics manufacturer	Q65177437:Sony:male given name | Q41187:Sony Group:Japanese multinational conglomerate corporation | Q56760250:Sony Music:American multinational music recording company | Q3001888:Sony BMG Music Entertainment, Inc.:former American record company	review
alan_turing	Alan Turing	1912	PERSON	Q7251	Alan Turing	English computer scientist (1912–1954)	Q28846012:Alan Turing:fictional analogon of Alan Turing (1912-1954) | Q21188118:Alan Turing:sculpture | Q34308373:Alan Turing: The Enigma:biography by Andrew Hodges | Q20895922:Alan Turing (Unwin paperbacks 2015):edition of biography	review
claude_shannon	Claude Shannon	1916	PERSON	Q92760	Claude Shannon	American mathematician and information theorist (1916–2001)	Q34974639:Claude Shannon: biologist. The founder of information theory used biology to formulate the channel capacity.:scientific article | Q48828120:Claude Shannon and communication theory:scientific article published on July 1, 1997 | Q48819800:Claude Shannon, the theory of encryption, and patient confidentiality:scientific article published on January 1, 1998	auto
william_shockley	William Shockley	1910	PERSON	Q163415	William Shockley	American physicist and inventor (1910–1989)	Q686172:William Shockley:American actor | Q104705716:William Shockley:(1817-1868) | Q284676:William Shockley:Wikimedia disambiguation page | Q56068129:William Shockley:article	auto
john_mccarthy	John McCarthy	1927	PERSON	Q92739	John McCarthy	American computer scientist and cognitive scientist (1927-2011)	Q1700621:John McCarthy:American politician (1857-1943) | Q41617084:John McCarthy:British choir director (1919-2009) | Q129084725:John McCarthy:American missionary to China and explorer | Q59503548:John McCarthy:American mathematician	auto
marvin_minsky	Marvin Minsky	1927	PERSON	Q204815	Marvin Minsky	American cognitive scientist (1927-2016)	Q22992414:Marvin Minsky: Health and the human mind:TED2003 | Q84037305:Marvin Minsky, Pioneer in Artificial Intelligence, Dies at 88:obituary in the New York Times	auto
dennis_ritchie	Dennis Ritchie	1941	PERSON	Q137468013	Dennis Ritchie	private educational institution in Morocco	Q17778290:Dennis Ritchie, C programming language creator, dies aged 70:Wikinews article | Q123675292:Dennis Ritchie, Trailblazer in Digital Era, Dies at 70:The New York Times article (October 14, 2011) | Q137470399:Dennis Ritchie 2:private educational institution in Morocco | Q89677797:Dennis Ritchie, 1941--2011:	auto
tim_berners_lee	Tim Berners-Lee	1955	PERSON	Q80	Tim Berners-Lee	English computer scientist (born 1955)	Q120373140:Tim Berners-Lee:2015 edition of a biography by Claudia Martin | Q120373262:Tim Berners-Lee:2015 biography by Jason Porterfield | Q19761597:Tim Berners-Lee:Wikinews article | Q55693401:Tim Berners-Lee:article in Physics Today	auto
geoffrey_hinton	Geoffrey Hinton	1947	PERSON	Q92894	Geoffrey Hinton	British-Canadian computer scientist and psychologist	Q75295861:Geoffrey Hinton:Peerage person ID=45209 | Q113441348:Geoffrey Henry Herbert:particle physicist in Germany | Q112919258:Geoffrey Gilles:particle physicist | Q7041317:Geoffrey:male given name	review
yann_lecun	Yann LeCun	1960	PERSON	Q3571662	Yann Le Cun	French computer scientist (born 1960)	Q110650678:Yann LeCun: Dark Matter of Intelligence and Self-Supervised Learning:episode of Lex Fridman Podcast published on 22 January 2022 (E258) | Q2689095:Yannick Mellier:French astrophysicist | Q42746457:Yannick Béjot:researcher | Q13564380:Yann:male given name	review
robert_noyce	Robert Noyce	1927	PERSON	Q241735	Robert Noyce	American businessman and engineer (1927–1990)	Q56268604:Robert Noyce and Fairchild Semiconductor, 1957–1968:article	auto
gordon_moore	Gordon Moore	1929	PERSON	Q243969	Gordon Moore	American businessman, co-founder of Intel Corporation (1929–2023)	Q58371766:Gordon Moore:American petrologist | Q22002536:Gordon Moore:American painter (born 1947) | Q107436479:Gordon Moore:American artist | Q96379728:Gordon Moore:Associate Justice of the Minnesota Supreme Court	auto
steve_jobs	Steve Jobs	1955	PERSON	Q19837	Steve Jobs	American entrepreneur; co-founder of Apple Inc. (1955–2011)	Q109983309:Steve Jobs:person identified in the Museu da Pessoa collection | Q625645:Steve Jobs:2011 authorized biography by Walter Isaacson | Q28941414:Steve Jobs:2015 paperback edition published by Simon & Schuster | Q16460065:Steve Jobs:1st Simon & Schuster hardcover edition of Steve Jobs	auto
steve_wozniak	Steve Wozniak	1950	PERSON	Q483382	Steve Wozniak	American computer pioneer, inventor, computer engineer and programmer; co-founder of Apple Inc.		auto
bill_gates	Bill Gates	1955	PERSON	Q5284	Bill Gates	American businessman, investor, and philanthropist (born 1955)	Q123411797:Bill Gates:English footballer (1944–2023) | Q1181671:Bill Gates:Wikimedia disambiguation page | Q100794547:Bill Gates:college basketball player (1959–1959) Boston University | Q684014:Bill Gates Sr.:American attorney and philanthropist (1925–2020)	auto
larry_ellison	Larry Ellison	1944	PERSON	Q92759	Larry Ellison	American internet entrepreneur and businessman (born 1944)		auto
morris_chang	Morris Chang	1931	PERSON	Q4745214	Morris Chang	American businessperson (born 1931)	Q98877565:Morris Chang:	auto
linus_torvalds	Linus Torvalds	1969	PERSON	Q34253	Linus Torvalds	Finnish software engineer (born 1969)		auto
jeff_bezos	Jeff Bezos	1964	PERSON	Q312556	Jeff Bezos	American business magnate (born 1964)	Q87977766:Jeff Bezos phone hacking incident:2017-2020 incident | Q22992375:Jeff Bezos: The electricity metaphor for the web's future:talk given at the TED2003 conference | Q23663709:Jeff Bezos: What matters more than your talents:graduation address at Princeton University | Q63871424:Jeff Bezos presenteert ontwerp maanlander Blue Moon:Wikinews article	auto
jensen_huang	Jensen Huang	1963	PERSON	Q305177	Jensen Huang	American entrepreneur and businessman; founder and CEO of Nvidia	Q94019415:Jensen Huang Professorship in Global Leadership:endowed academic position at Stanford University	auto
marc_benioff	Marc Benioff	1964	PERSON	Q1521908	Marc Benioff	American internet entrepreneur and philanthropist		auto
larry_page	Larry Page	1973	PERSON	Q4934	Larry Page	American computer scientist and Internet entrepreneur (born 1973)	Q6490923:Larry Page:British singer and music producer | Q17204940:Larry Page: | Q22990105:Larry Page: Where’s Google going next?:TED2014 | Q63894116:Larry Page:musical character in the musical Sunny Afternoon by Ray Davies	auto
sergey_brin	Sergey Brin	1973	PERSON	Q92764	Sergey Brin	American billionaire businessman (born 1973)	Q39166646:Sergey Brin:Wikimedia disambiguation page | Q22989035:Sergey Brin: Why Google Glass?:TED2013 | Q22992624:Sergey Brin + Larry Page: The genesis of Google:TED2004 | Q17944398:Sergey Brin revela que podría sufrir una predisposición a sufrir del mal de Parkinson:Wikinews article	auto
reed_hastings	Reed Hastings	1960	PERSON	Q7306657	Reed Hastings	American entrepreneur and education philanthropist		auto
elon_musk	Elon Musk	1971	PERSON	Q317521	Elon Musk	businessman and entrepreneur (born 1971)	Q122380405:Elon Musk:2023 authorized biography by Walter Isaacson | Q123134390:Elon Musk:2023 single by Shallipopi | Q121968158:Elon Musk: Tesla, SpaceX a hledání fantastické budoucnosti:book edition published in 2015 | Q46845259:Elon Musk's Tesla Roadster:sports car launched into space in 2018	auto
mark_zuckerberg	Mark Zuckerberg	1984	PERSON	Q36215	Mark Zuckerberg	American Internet entrepreneur	Q115785690:Mark Zuckerberg:Australian mathematician | Q62397788:Mark Zuckerberg:painting by Sami Lukkarinen | Q127766899:Mark Zuckerberg: | Q17712964:Mark Zuckerberg named 2010 Time Person of the Year:Wikinews article	review
chad_hurley	Chad Hurley	1977	PERSON	Q370299	Chad Hurley	American businessman, co-founder of YouTube		auto
jack_ma	Jack Ma	1964	PERSON	Q1137062	Jack Ma	Chinese businessman	Q100739445:Jack Mardekian:researcher | Q6113929:Jack Matthews:writer, distinguished professor at Ohio University | Q116140851:Jack Mastandrea:American athletics competitor | Q104762041:Jack Mahoney:American lyricist (1882-1945)	auto
pony_ma	Pony Ma	1971	PERSON	Q21085437	Pony Malta	cycling team	Q56420313:Pony Malta-Kelme:former Colombian cycling team | Q2880559:Pony Malta:softdrink | Q1739008:Ma Huateng:Chinese internet entrepreneur (1971-) | Q513712:Pony Canyon:Japanese publishing company	review
travis_kalanick	Travis Kalanick	1976	PERSON	Q7836291	Travis Kalanick	American entrepreneur		auto
patrick_collison	Patrick Collison	1988	PERSON	Q7146257	Patrick Collison	Irish entrepreneur	Q73265505:Patrick J Collison:researcher	auto
satoshi_nakamoto	Satoshi Nakamoto	1975	PERSON	Q13382352	Satoshi Nakamoto	pseudonym for the person or group who designed and developed Bitcoin	Q108887850:Bust of Satoshi Nakamoto:2021 sculpture in Hungary | Q130738824:Statue of Satoshi Nakamoto:sculpture in Lugano, Switzerland	auto
vitalik_buterin	Vitalik Buterin	1994	PERSON	Q16197959	Vitalik Buterin	Russian-Canadian computer scientist		auto
tim_cook	Tim Cook	1960	PERSON	Q265852	Tim Cook	American business executive	Q108053263:Tim Cook:football player (born 1994) | Q1404825:Tim Cook:American ice hockey player | Q112552173:Tim Cook:anesthesiologist | Q7803348:Tim Cook:Canadian military historian and author (1971-2025)	review
satya_nadella	Satya Nadella	1967	PERSON	Q7426870	Satya Nadella	Indian-American business executive and CEO of Microsoft		auto
sundar_pichai	Sundar Pichai	1972	PERSON	Q3503829	Sundar Pichai	Indian-American business executive, CEO of Google LLC & Alphabet Inc.	Q134721156:Sundar Pichai: CEO of Google and Alphabet | Lex Fridman Podcast #471:	auto
lisa_su	Lisa Su	1969	PERSON	Q18207172	Lisa Su	American business executive and electrical engineer	Q114329027:Lisa Sundin:researcher | Q60057712:Lisa Susan Wieland:researcher | Q110617526:Lisa Sullivan:British judge | Q113280302:Lisa Suzuki:visual artist	auto
demis_hassabis	Demis Hassabis	1976	PERSON	Q3022141	Demis Hassabis	British artificial intelligence researcher (born 1976)	Q112843197:Demis Hassabis: DeepMind | Lex Fridman Podcast #299:	auto
sam_altman	Sam Altman	1985	PERSON	Q7407093	Sam Altman	American venture capitalist		auto
ilya_sutskever	Ilya Sutskever	1985	PERSON	Q21712134	Ilya Sutskever	Canadian-Israeli AI researcher		auto
arthur_rock	Arthur Rock	1926	PERSON	Q4800159	Arthur Rock	American businessman (born 1926)	Q22455418:Arthur Rock:submerged rock in British Columbia, Canada | Q105431966:Arthur Rock: | Q47512267:Arthur Rock:painting by Kinuko Yamabe Craft | Q22455429:Arthur Rock:	auto
don_valentine	Don Valentine	1932	PERSON	Q5293639	Don Valentine	American venture capitalist (1932–2019)	Q81595032:Don Valentine, Founder of Sequoia Capital, Is Dead at 87:obituary in the New York Times | Q75821182:Donald Valentine:(1910-1988)	auto
masayoshi_son	Masayoshi Son	1957	PERSON	Q717038	Masayoshi Son	Japanese businessman	Q96257854:Masayoshi Sone:researcher | Q114844213:Masayoshi Son Again Pulled SoftBank From the Brink. This Time He Had Help.:Wall Street Journal article (November 11, 2020)	auto
marc_andreessen	Marc Andreessen	1971	PERSON	Q62882	Marc Andreessen	American entrepreneur, investor, and software engineer	Q114712992:Marc Andreessen Joins Dialpad’s Board:Wall Street Journal article (November 1, 2016)	auto
peter_thiel	Peter Thiel	1967	PERSON	Q705525	Peter Thiel	German-American entrepreneur and venture capitalist (born 1967)	Q127536965:Peter Thiel: | Q127010255:Peter Thiel: | Q39141069:Peter Thiel: | Q49484832:Peter Thiel:German cross-country skier	auto
reid_hoffman	Reid Hoffman	1967	PERSON	Q211098	Reid Hoffman	American co-founder of LinkedIn, venture capitalist, and author		auto
paul_graham	Paul Graham	1964	PERSON	Q92650	Paul Graham	English-American programmer, venture capitalist, and essayist	Q38322005:Paul Graham:British neuroscientist | Q522568:Paul Graham:English photographer (born 1956) | Q3898066:Paul Graham:American basketball player (born 1967) | Q7150975:Paul Graham:American basketball player and coach	review
max_levchin	Max Levchin	1975	PERSON	Q93014	Max Levchin	American businessman		auto
roelof_botha	Roelof Botha	1973	PERSON	Q7357593	Roelof Botha	South African businessman	Q561494:Pik Botha:South African politician (1932-2018)	auto
postscript	PostScript	1984	TECHNOLOGY	Q218170	PostScript	programming language	Q62281:postscript:afterthought, thought of occurring after the letter has been written and signed | Q17218975:Postscript:2010 single by MoNoLith | Q3290261:Postscript:Spanish, Catalan, and Basque form of P.S. | Q134341448:Postscript:	review
illustrator	Adobe Illustrator	1987	TECHNOLOGY	Q215016	Adobe Illustrator	vector graphics editor developed and marketed by Adobe Systems	Q27866079:Adobe Illustrator File Format Specification:technical specification | Q2584726:Adobe Illustrator Artwork:file format family | Q47498538:Adobe Illustrator file format, version 9.0:version 9 of the Illustrator file format | Q27866121:Adobe Illustrator Artwork file format, version 7.0:file format	auto
premiere_pro	Adobe Premiere Pro	1991	TECHNOLOGY	Q360424	Adobe Premiere Pro	professional timeline-based video editing, special effects, and visual effects software developed by Adobe	Q65990344:Adobe Premiere Project:file format | Q138790558:Adobe Premiere Pro splash screen (2023):2023 splash screen artwork for Adobe Premiere Pro by Kaiwan Shaban | Q137535655:Adobe Premiere Pro pre začiatočníkov:Skillmea online course | Q137535688:Adobe Premiere Pro CC 2020:Skillmea online course	auto
pdf	PDF	1993	TECHNOLOGY	Q42332	PDF	family of file formats used to present documents	Q18045585:PDF:protein-coding gene in the species Homo sapiens | Q26085317:Portable Document Format, version 1.7:version of the Portable Document Format file format | Q207522:probability density function:function whose integral over a region describes the probability of an event occurring in that region | Q26085326:Portable Document Format, version 1.4:deprecated version of the Portable Document Format file format	auto
nano_banana	Nano Banana	2025	TECHNOLOGY	Q136327856	Nano Banana	artificial intelligence image generating and editing tool created by Google	Q138580447:Nano Banana 2:large language model | Q123688361:Gemini:family of language models by Google DeepMind | Q37562935:Nano:family name | Q61231:nanoparticle:particle with size less than 100 nm	review
